﻿{
	"date": "2019-08-19",
	"data": {
		"wufachen": {
			"machine": [{   
					"id":123,
					"sfg": 1667,
					"op": "滑架",
					"prob":"test1",
					"standard": 3.5,
					"real_time": 1,
					"confirmed":"",
					"product_product_type": "TORO PERFORMANCE 20.33.15",
					"qty": 2
				},
				{
					"id":124,
					"sfg": 1669,
					"op": "底座",
					"prob":"test2",
					"standard": 7.6,
					"real_time": 2,
					"confirmed":"",
					"product_type": "TORO ADVANTAGE 20.35.25",
					"qty": 1
				}
			],
			"assistance": [{
					"id":1,
					"type":"辅助工时",
					"category": "日常",
					"subject": "休息",
					"standard":4,
					"confirmed":"",
					"real_time": 3,
					"attach":"url---",
					"b_category":"",
					"b_subject":"",
					"expense":"",
					"comments":"sdfdsfds"
				},
				{
					"id":2,
					"type":"外借工时",
					"category": "培训",
					"subject": "组外",
					"standard":5,
					"confirmed":"",
					"real_time": 5,
					"attach":"url---",
					"b_category":"testing",
					"b_subject":"subjects",
					"expense":2000,
					"comments":"sdfdsdsfdsfsd"
				},
				{
					"id":3,
					"type":"辅助工时",
					"category": "搬运",
					"subject": "花岗石",
					"standard":4,
					"confirmed":6,
					"real_time": 3,
					"attach":"url---",
					"b_category":"testing",
					"b_subject":"subjects",
					"expense":2000,
					"comments":"sdfdservdfdgff"
				}
			],
			"extra": [{
					"id":128,
					"category": "服务支持",
					"is_paid": "是",
					"over_time": 2
				},
				{
					"id":129,
					"category": "展会支持",
					"is_paid": "否",
					"over_time": 1
				},
				{
					"id":130,
					"category": "预验收",
					"is_paid": "是",
					"over_time": 1				}
			]
		},
		"hanrui": {
			"machine": [{   
					"id":131,
					"sfg": 1667,
					"op": "滑架",
					"prob":"test1",
					"standard": 3.5,
					"real_time": 3,
					"confirmed":3,
					"product_type": "TORO PERFORMANCE 20.33.15",
					"qty": 2
				},
				{
					"id":132,
					"sfg": 1669,
					"op": "底座",
					"prob":"test3",
					"standard": 7.6,
					"real_time": 1,
					"confirmed":"",
					"product_type": "TORO ADVANTAGE 20.35.25",
					"qty": 1
				}
			],
			"assistance": [{
					"id":4,
					"type":"辅助工时",
					"category": "日常",
					"subject": "休息",
					"standard":4,
					"confirmed":5,
					"real_time": 3,
					"attach":"url---",
					"b_category":"testing",
					"b_subject":"subjects",
					"expense":2000,
					"comments":"sdfdsfds"
				},
				{
					"id":5,
					"type":"外借工时",
					"category": "培训",
					"subject": "组外",
					"standard":5,
					"real_time": 5,
					"confirmed":5,
					"attach":"url---",
					"b_category":"testing",
					"b_subject":"subjects",
					"expense":2000,
					"comments":"sdfdsdsfdsfsd"
				},
				{
					"id":6,
					"type":"辅助工时",
					"category": "搬运",
					"subject": "花岗石",
					"standard":4,
					"real_time": 3,
					"confirmed":2,
					"attach":"url---",
					"b_category":"testing",
					"b_subject":"subjects",
					"expense":2000,
					"comments":"sdfdservdfdgff"
				}
			],
			"extra": [{
					"id":136,
					"category": "服务支持",
					"is_paid": "是",
					"over_time": 0.5
				},
				{
					"id":137,
					"category": "展会支持",
					"is_paid": "否",
					"over_time": 1
				},
				{
					"id":138,
					"category": "预验收",
					"is_paid": "是",
					"over_time": 2
				}
			]
		},
		"caolong": {
			"machine": [{   
					"id":138,
					"sfg": 1667,
					"op": "滑架",
					"prob":"test6",
					"standard": 3.5,
					"real_time": 3.9,
					"confirmed":3,
					"product_type": "TORO PERFORMANCE 20.33.15",
					"qty": 2
				},
				{
					"id":139,
					"sfg": 1669,
					"op": "底座",
					"prob":"test11",
					"standard": 7.6,
					"real_time": 1.4,
					"standard":3,
					"confirmed":"",
					"product_type": "TORO ADVANTAGE 20.35.25",
					"qty": 1
				}
			],
			"assistance": [{
					"id":11,
					"type":"辅助工时",
					"category": "日常",
					"subject": "休息",
					"standard":4,
					"real_time": 3,
					"confirmed":1,
					"attach":"url---",
					"b_category":"testing",
					"b_subject":"subjects",
					"expense":2000,
					"comments":"sdfdsfds"
				},
				{
					"id":21,
					"type":"外借工时",
					"category": "培训",
					"subject": "组外",
					"standard":5,
					"real_time": 5,
					"confirmed":"",
					"attach":"url---",
					"b_category":"testing",
					"b_subject":"subjects",
					"expense":2000,
					"comments":"sdfdsdsfdsfsd"
				},
				{
					"id":33,
					"type":"辅助工时",
					"category": "搬运",
					"subject": "花岗石",
					"standard":4,
					"real_time": 3,
					"confirmed":5,
					"attach":"url---",
					"b_category":"testing",
					"b_subject":"subjects",
					"expense":2000,
					"comments":"sdfdservdfdgff"
				}
			],
			"extra": [{
					"id":143,
					"category": "服务支持",
					"is_paid": "是",
					"over_time": 1.5
				},
				{
					"id":144,
					"category": "展会支持",
					"is_paid": "否",
					"over_time": 1
				},
				{
					"id":145,
					"category": "预验收",
					"is_paid": "是",
					"over_time": 1
				}
			]
		}
	}
}